-- MySQL dump 10.13  Distrib 8.4.10, for Linux (x86_64)
--
-- Host: localhost    Database: catcat
-- ------------------------------------------------------
-- Server version	8.4.10

/*!40101 SET @OLD_CHARACTER_SET_CLIENT=@@CHARACTER_SET_CLIENT */;
/*!40101 SET @OLD_CHARACTER_SET_RESULTS=@@CHARACTER_SET_RESULTS */;
/*!40101 SET @OLD_COLLATION_CONNECTION=@@COLLATION_CONNECTION */;
/*!50503 SET NAMES utf8mb4 */;
/*!40103 SET @OLD_TIME_ZONE=@@TIME_ZONE */;
/*!40103 SET TIME_ZONE='+00:00' */;
/*!40014 SET @OLD_UNIQUE_CHECKS=@@UNIQUE_CHECKS, UNIQUE_CHECKS=0 */;
/*!40014 SET @OLD_FOREIGN_KEY_CHECKS=@@FOREIGN_KEY_CHECKS, FOREIGN_KEY_CHECKS=0 */;
/*!40101 SET @OLD_SQL_MODE=@@SQL_MODE, SQL_MODE='NO_AUTO_VALUE_ON_ZERO' */;
/*!40111 SET @OLD_SQL_NOTES=@@SQL_NOTES, SQL_NOTES=0 */;

--
-- Table structure for table `activity_logs`
--

DROP TABLE IF EXISTS `activity_logs`;
/*!40101 SET @saved_cs_client     = @@character_set_client */;
/*!50503 SET character_set_client = utf8mb4 */;
CREATE TABLE `activity_logs` (
  `id` bigint NOT NULL AUTO_INCREMENT,
  `user_id` int DEFAULT NULL,
  `username` varchar(64) DEFAULT NULL,
  `action` varchar(64) NOT NULL,
  `serial` varchar(128) DEFAULT NULL,
  `detail` text,
  `ip` varchar(45) DEFAULT NULL,
  `created_at` timestamp NULL DEFAULT CURRENT_TIMESTAMP,
  PRIMARY KEY (`id`),
  KEY `idx_al_user` (`user_id`),
  KEY `idx_al_created` (`created_at` DESC)
) ENGINE=InnoDB AUTO_INCREMENT=86 DEFAULT CHARSET=utf8mb4 COLLATE=utf8mb4_0900_ai_ci;
/*!40101 SET character_set_client = @saved_cs_client */;

--
-- Dumping data for table `activity_logs`
--

LOCK TABLES `activity_logs` WRITE;
/*!40000 ALTER TABLE `activity_logs` DISABLE KEYS */;
INSERT INTO `activity_logs` VALUES (1,2,'admin','admin_audit_stream','R5CRC3DAKAL','6c7d10be-e49e-4646-8d82-4643605c6992','2403:6200:88a3:27dd:9175:ecd7:c55d:4922','2026-06-28 09:36:05'),(2,2,'admin','admin_audit_stream','RFCT60M26MY','ffc3a7d7-6e48-4a08-9995-a36aac7c80c8','2403:6200:88a3:27dd:9175:ecd7:c55d:4922','2026-06-28 09:36:33'),(3,6,'sphongthorns','login',NULL,NULL,'2405:9800:b520:f7a3:121d:bc64:43ff:77f4','2026-06-28 09:41:47'),(4,6,'sphongthorns','stream_start','R5CRC3DAKAL','4cf528b2-4dbe-4d56-8b96-05beca1bb691','2405:9800:b520:f7a3:121d:bc64:43ff:77f4','2026-06-28 09:41:52'),(5,6,'sphongthorns','login',NULL,NULL,'2403:6200:88a3:27dd:358c:b8ff:d3eb:6992','2026-06-28 10:56:43'),(6,6,'sphongthorns','stream_start','R5CRC3DAKAL','c60dcf76-d455-41b6-8cc3-3dcc2329901e','2403:6200:88a3:27dd:358c:b8ff:d3eb:6992','2026-06-28 10:56:46'),(7,6,'sphongthorns','stream_start','R5CRC3DAKAL','66a93aeb-464b-46bb-87fd-647955d8154a','2403:6200:88a3:27dd:358c:b8ff:d3eb:6992','2026-06-28 10:57:19'),(8,6,'sphongthorns','logout',NULL,NULL,'2403:6200:88a3:27dd:358c:b8ff:d3eb:6992','2026-06-28 10:58:09'),(9,6,'sphongthorns','login',NULL,NULL,'2403:6200:88a3:27dd:358c:b8ff:d3eb:6992','2026-06-28 10:58:21'),(10,6,'sphongthorns','logout',NULL,NULL,'2403:6200:88a3:27dd:358c:b8ff:d3eb:6992','2026-06-28 10:58:25'),(11,2,'admin','login',NULL,NULL,'2403:6200:88a3:27dd:358c:b8ff:d3eb:6992','2026-06-28 10:58:47'),(12,2,'admin','logout',NULL,NULL,'2403:6200:88a3:27dd:358c:b8ff:d3eb:6992','2026-06-28 11:00:33'),(13,NULL,NULL,'login_fail',NULL,'','2001:44c8:44c3:fd56:d82f:1ff:fe86:cf7e','2026-06-28 12:40:10'),(14,6,'sphongthorns','login',NULL,NULL,'2001:44c8:44c3:fd56:d82f:1ff:fe86:cf7e','2026-06-28 12:40:53'),(15,6,'sphongthorns','stream_start','R5CRC3DAKAL','74df857c-d162-4129-ac3b-1c0fea9a5880','2001:44c8:44c3:fd56:d82f:1ff:fe86:cf7e','2026-06-28 12:41:01'),(16,2,'admin','login',NULL,NULL,'2403:6200:88a3:27dd:9175:ecd7:c55d:4922','2026-06-28 12:42:08'),(17,2,'admin','admin_audit_stream','R5CRC3DAKAL','039010a0-70e2-4752-912b-7ec7a2b89594','2403:6200:88a3:27dd:9175:ecd7:c55d:4922','2026-06-28 12:42:17'),(18,2,'admin','login',NULL,NULL,'2001:44c8:6332:439b:8d9a:b72a:b7a1:ebed','2026-06-28 13:01:29'),(19,2,'admin','logout',NULL,NULL,'2001:44c8:6332:439b:8d9a:b72a:b7a1:ebed','2026-06-28 13:01:34'),(20,1,'demo','login',NULL,NULL,'2001:44c8:6332:439b:8d9a:b72a:b7a1:ebed','2026-06-28 13:01:49'),(21,1,'demo','stream_start','RFCT60M26MY','1ef29718-ef86-4920-adfa-d5ab1ff98a4c','2001:44c8:6332:439b:8d9a:b72a:b7a1:ebed','2026-06-28 13:01:52'),(22,1,'demo','login',NULL,NULL,'2403:6200:88a3:27dd:40ec:fd3a:2193:2430','2026-06-28 13:22:27'),(23,1,'demo','stream_start','RFCT60M26MY','c5d9ff89-c879-4f49-98dd-75ed98c39c61','2403:6200:88a3:27dd:40ec:fd3a:2193:2430','2026-06-28 13:22:35'),(24,1,'demo','stream_start','RFCT60M26MY','67e3af43-4a51-4f37-8e41-355646846420','2403:6200:88a3:27dd:40ec:fd3a:2193:2430','2026-06-28 13:23:02'),(25,1,'demo','stream_start','RFCT60M26MY','7c6c5b93-3ddc-44e3-92e2-4ddf53e9a783','2403:6200:88a3:27dd:40ec:fd3a:2193:2430','2026-06-28 13:23:25'),(26,2,'admin','login',NULL,NULL,'2403:6200:88a3:27dd:9175:ecd7:c55d:4922','2026-06-28 13:48:23'),(27,2,'admin','login',NULL,NULL,'172.18.0.1','2026-06-28 13:58:57'),(28,2,'admin','admin_audit_stream','RFCT60M26MY','6da0280f-2038-4422-b7b0-81da99fce7a9','2403:6200:88a3:27dd:9175:ecd7:c55d:4922','2026-06-28 13:59:37'),(29,2,'admin','admin_audit_stream','R5CRC3DAKAL','06c7713f-8817-466d-9152-21c57297b5d5','2403:6200:88a3:27dd:9175:ecd7:c55d:4922','2026-06-28 13:59:56'),(30,6,'sphongthorns','login',NULL,NULL,'2403:6200:88a3:27dd:197f:9c45:7fa:a445','2026-06-28 14:18:48'),(31,6,'sphongthorns','stream_start','R5CRC3DAKAL','63f87a01-6072-4451-9841-a202778d5744','2403:6200:88a3:27dd:197f:9c45:7fa:a445','2026-06-28 14:18:58'),(32,2,'admin','logout',NULL,NULL,'172.18.0.1','2026-06-28 14:25:39'),(33,2,'admin','logout',NULL,NULL,'2403:6200:88a3:27dd:9175:ecd7:c55d:4922','2026-06-28 14:26:53'),(34,2,'admin','login',NULL,NULL,'2403:6200:88a3:27dd:9175:ecd7:c55d:4922','2026-06-28 14:27:14'),(35,2,'admin','admin_kill_session','R5CRC3DAKAL','63f87a01-6072-4451-9841-a202778d5744','2403:6200:88a3:27dd:9175:ecd7:c55d:4922','2026-06-28 14:27:27'),(36,2,'admin','admin_kill_session','R5CRC3DAKAL','06c7713f-8817-466d-9152-21c57297b5d5','2403:6200:88a3:27dd:9175:ecd7:c55d:4922','2026-06-28 14:27:51'),(37,2,'admin','admin_kill_session','RFCT60M26MY','6da0280f-2038-4422-b7b0-81da99fce7a9','2403:6200:88a3:27dd:9175:ecd7:c55d:4922','2026-06-28 14:27:53'),(38,2,'admin','admin_kill_session','RFCT60M26MY','7c6c5b93-3ddc-44e3-92e2-4ddf53e9a783','2403:6200:88a3:27dd:9175:ecd7:c55d:4922','2026-06-28 14:27:55'),(39,2,'admin','admin_kill_session','RFCT60M26MY','67e3af43-4a51-4f37-8e41-355646846420','2403:6200:88a3:27dd:9175:ecd7:c55d:4922','2026-06-28 14:27:57'),(40,2,'admin','admin_kill_session','RFCT60M26MY','c5d9ff89-c879-4f49-98dd-75ed98c39c61','2403:6200:88a3:27dd:9175:ecd7:c55d:4922','2026-06-28 14:27:59'),(41,2,'admin','admin_kill_session','RFCT60M26MY','1ef29718-ef86-4920-adfa-d5ab1ff98a4c','2403:6200:88a3:27dd:9175:ecd7:c55d:4922','2026-06-28 14:28:01'),(42,2,'admin','admin_kill_session','R5CRC3DAKAL','039010a0-70e2-4752-912b-7ec7a2b89594','2403:6200:88a3:27dd:9175:ecd7:c55d:4922','2026-06-28 14:28:02'),(43,2,'admin','admin_kill_session','R5CRC3DAKAL','74df857c-d162-4129-ac3b-1c0fea9a5880','2403:6200:88a3:27dd:9175:ecd7:c55d:4922','2026-06-28 14:28:04'),(44,2,'admin','admin_kill_session','R5CRC3DAKAL','66a93aeb-464b-46bb-87fd-647955d8154a','2403:6200:88a3:27dd:9175:ecd7:c55d:4922','2026-06-28 14:28:06'),(45,2,'admin','admin_kill_session','R5CRC3DAKAL','c60dcf76-d455-41b6-8cc3-3dcc2329901e','2403:6200:88a3:27dd:9175:ecd7:c55d:4922','2026-06-28 14:28:14'),(46,1,'demo','login',NULL,NULL,'2403:6200:88a3:27dd:9175:ecd7:c55d:4922','2026-06-28 14:28:17'),(47,1,'demo','stream_start','RFCT60M26MY','914d10ca-74b2-492f-a7e8-fa12ccb44943','2403:6200:88a3:27dd:9175:ecd7:c55d:4922','2026-06-28 14:28:40'),(48,2,'admin','admin_kill_session','RFCT60M26MY','914d10ca-74b2-492f-a7e8-fa12ccb44943','2403:6200:88a3:27dd:9175:ecd7:c55d:4922','2026-06-28 14:28:59'),(49,1,'demo','stream_start','RFCT60M26MY','b5407c9a-069d-4cc9-bb08-90d14dd0916f','2403:6200:88a3:27dd:9175:ecd7:c55d:4922','2026-06-28 14:29:22'),(50,2,'admin','admin_audit_stream','RFCT60M26MY','c0f739af-7a6d-47ae-b1fa-d53703752605','2403:6200:88a3:27dd:9175:ecd7:c55d:4922','2026-06-28 14:29:28'),(51,2,'admin','admin_audit_stream','RFCT60M26MY','1c6df612-bacb-4071-95e8-45bf06e2b5ce','2403:6200:88a3:27dd:9175:ecd7:c55d:4922','2026-06-28 14:29:50'),(52,2,'admin','admin_audit_stream','RFCT60M26MY','bbdc723a-f8fe-4c6b-8bfd-f5c1ea91674a','2403:6200:88a3:27dd:9175:ecd7:c55d:4922','2026-06-28 14:30:16'),(53,1,'demo','stream_start','RFCT60M26MY','14c894b9-a1bf-4b28-8a41-d6662ec03106','2403:6200:88a3:27dd:9175:ecd7:c55d:4922','2026-06-28 14:30:32'),(54,2,'admin','admin_audit_stream','RFCT60M26MY','d5488ba1-a343-422b-b352-31e9217c5970','2403:6200:88a3:27dd:9175:ecd7:c55d:4922','2026-06-28 14:30:42'),(55,1,'demo','stream_start','RFCT60M26MY','face085f-6aa4-4231-b447-697685a4a42b','2403:6200:88a3:27dd:9175:ecd7:c55d:4922','2026-06-28 14:31:35'),(56,1,'demo','logout',NULL,NULL,'2403:6200:88a3:27dd:9175:ecd7:c55d:4922','2026-06-28 14:32:07'),(57,1,'demo','login',NULL,NULL,'172.18.0.1','2026-06-29 03:37:10'),(58,2,'admin','login',NULL,NULL,'172.18.0.1','2026-06-29 03:39:30'),(59,1,'demo','logout',NULL,NULL,'172.18.0.1','2026-06-29 03:39:44'),(60,6,'sphongthorns','login',NULL,NULL,'172.18.0.1','2026-06-29 03:39:54'),(61,6,'sphongthorns','stream_start','R5CRC3DAKAL','c6839f05-9466-489d-b3ae-ecec86b63bbd','172.18.0.1','2026-06-29 03:39:55'),(62,2,'admin','login',NULL,NULL,'171.103.43.209','2026-06-29 03:49:35'),(63,2,'admin','logout',NULL,NULL,'171.103.43.209','2026-06-29 03:50:23'),(64,2,'admin','login',NULL,NULL,'172.18.0.1','2026-06-29 03:50:40'),(65,1,'demo','login',NULL,NULL,'171.103.43.209','2026-06-29 03:50:50'),(66,1,'demo','stream_start','RFCT60M26MY','0a8f658a-6406-47f0-8603-bda49ef07a3b','171.103.43.209','2026-06-29 03:53:33'),(67,1,'demo','stream_start','RFCT60M26MY','176fc86f-3d3f-463c-8e2e-7e6138051822','171.103.43.209','2026-06-29 03:56:01'),(68,1,'demo','stream_start','RFCT60M26MY','a3254dba-e672-4a67-88b8-e1ab3d69dd13','171.103.43.209','2026-06-29 03:58:27'),(69,1,'demo','stream_start','RFCT60M26MY','e8080709-a315-449d-a392-213757cf00c6','171.103.43.209','2026-06-29 03:58:33'),(70,6,'sphongthorns','login',NULL,NULL,'2405:9800:b520:f7a3:c533:5c3a:af27:41fe','2026-06-29 04:06:38'),(71,6,'sphongthorns','stream_start','R5CRC3DAKAL','736def7b-7fa0-4b73-83fa-1435c5a16b3c','2405:9800:b520:f7a3:c533:5c3a:af27:41fe','2026-06-29 04:07:14'),(72,1,'demo','logout',NULL,NULL,'171.103.43.209','2026-06-29 04:13:13'),(73,1,'demo','login',NULL,NULL,'171.103.43.209','2026-06-29 04:13:16'),(74,1,'demo','stream_start','RFCT60M26MY','d597755f-4eb5-4549-9882-b27244f065e1','171.103.43.209','2026-06-29 04:13:19'),(75,6,'sphongthorns','stream_start','R5CRC3DAKAL','d0c65a8a-d1b0-4988-b290-95f9dd50d1ac','2405:9800:b520:f7a3:c533:5c3a:af27:41fe','2026-06-29 04:36:07'),(76,1,'demo','logout',NULL,NULL,'171.103.43.209','2026-06-29 04:36:12'),(77,6,'sphongthorns','stream_start','R5CRC3DAKAL','3858674b-c4ad-41ef-8cf0-d85b7a258b40','2405:9800:b520:f7a3:c533:5c3a:af27:41fe','2026-06-29 04:51:05'),(78,1,'demo','login',NULL,NULL,'171.103.43.209','2026-06-29 05:09:26'),(79,1,'demo','stream_start','RFCT60M26MY','ad763a89-82f6-42cc-a8da-7dfa35fa4d04','171.103.43.209','2026-06-29 05:09:30'),(80,6,'sphongthorns','stream_start','R5CRC3DAKAL','2ca670d1-fe59-44ba-9eed-69d52fd8ed5e','2405:9800:b520:f7a3:c533:5c3a:af27:41fe','2026-06-29 05:10:23'),(81,1,'demo','stream_start','RFCT60M26MY','36746c92-3b5b-4abd-bea2-3eaa1284fe39','171.103.43.209','2026-06-29 05:25:48'),(82,1,'demo','stream_start','RFCT60M26MY','8af06b5b-1969-40bf-89ad-cc3427d2fb40','171.103.43.209','2026-06-29 05:29:36'),(83,1,'demo','logout',NULL,NULL,'171.103.43.209','2026-06-29 06:06:32'),(84,1,'demo','login',NULL,NULL,'171.103.43.209','2026-06-29 06:07:53'),(85,1,'demo','stream_start','RFCT60M26MY','720647a9-74ed-40ba-84d9-bb194b08b022','171.103.43.209','2026-06-29 06:07:58');
/*!40000 ALTER TABLE `activity_logs` ENABLE KEYS */;
UNLOCK TABLES;

--
-- Table structure for table `devices`
--

DROP TABLE IF EXISTS `devices`;
/*!40101 SET @saved_cs_client     = @@character_set_client */;
/*!50503 SET character_set_client = utf8mb4 */;
CREATE TABLE `devices` (
  `serial` varchar(128) NOT NULL,
  `label` varchar(128) DEFAULT NULL,
  `is_rentable` tinyint(1) NOT NULL DEFAULT '1',
  `created_at` timestamp NULL DEFAULT CURRENT_TIMESTAMP,
  `tier` enum('VIP','KVIP','SVIP','XVIP') DEFAULT NULL,
  PRIMARY KEY (`serial`)
) ENGINE=InnoDB DEFAULT CHARSET=utf8mb4 COLLATE=utf8mb4_0900_ai_ci;
/*!40101 SET character_set_client = @saved_cs_client */;

--
-- Dumping data for table `devices`
--

LOCK TABLES `devices` WRITE;
/*!40000 ALTER TABLE `devices` DISABLE KEYS */;
INSERT INTO `devices` VALUES ('R5CRC3DAKAL','S26 Ultra',1,'2026-06-28 08:55:36','XVIP'),('RFCT60M26MY','Galaxy A',1,'2026-06-27 15:18:59','SVIP');
/*!40000 ALTER TABLE `devices` ENABLE KEYS */;
UNLOCK TABLES;

--
-- Table structure for table `leases`
--

DROP TABLE IF EXISTS `leases`;
/*!40101 SET @saved_cs_client     = @@character_set_client */;
/*!50503 SET character_set_client = utf8mb4 */;
CREATE TABLE `leases` (
  `id` int NOT NULL AUTO_INCREMENT,
  `user_id` int NOT NULL,
  `serial` varchar(128) NOT NULL,
  `expires_at` datetime DEFAULT NULL,
  `created_at` timestamp NULL DEFAULT CURRENT_TIMESTAMP,
  `tier` varchar(16) DEFAULT NULL,
  PRIMARY KEY (`id`),
  UNIQUE KEY `uniq_user_serial` (`user_id`,`serial`),
  KEY `serial` (`serial`),
  CONSTRAINT `leases_ibfk_1` FOREIGN KEY (`user_id`) REFERENCES `users` (`id`) ON DELETE CASCADE,
  CONSTRAINT `leases_ibfk_2` FOREIGN KEY (`serial`) REFERENCES `devices` (`serial`) ON DELETE CASCADE
) ENGINE=InnoDB AUTO_INCREMENT=8 DEFAULT CHARSET=utf8mb4 COLLATE=utf8mb4_0900_ai_ci;
/*!40101 SET character_set_client = @saved_cs_client */;

--
-- Dumping data for table `leases`
--

LOCK TABLES `leases` WRITE;
/*!40000 ALTER TABLE `leases` DISABLE KEYS */;
INSERT INTO `leases` VALUES (1,1,'RFCT60M26MY','2026-07-06 03:53:09','2026-06-27 15:18:59','SVIP'),(5,6,'R5CRC3DAKAL','2026-07-05 08:56:04','2026-06-28 08:56:04','XVIP');
/*!40000 ALTER TABLE `leases` ENABLE KEYS */;
UNLOCK TABLES;

--
-- Table structure for table `sessions`
--

DROP TABLE IF EXISTS `sessions`;
/*!40101 SET @saved_cs_client     = @@character_set_client */;
/*!50503 SET character_set_client = utf8mb4 */;
CREATE TABLE `sessions` (
  `session_id` varchar(64) NOT NULL,
  `user_id` int NOT NULL,
  `serial` varchar(128) NOT NULL,
  `created_at` timestamp NULL DEFAULT CURRENT_TIMESTAMP,
  PRIMARY KEY (`session_id`),
  KEY `user_id` (`user_id`),
  CONSTRAINT `sessions_ibfk_1` FOREIGN KEY (`user_id`) REFERENCES `users` (`id`) ON DELETE CASCADE
) ENGINE=InnoDB DEFAULT CHARSET=utf8mb4 COLLATE=utf8mb4_0900_ai_ci;
/*!40101 SET character_set_client = @saved_cs_client */;

--
-- Dumping data for table `sessions`
--

LOCK TABLES `sessions` WRITE;
/*!40000 ALTER TABLE `sessions` DISABLE KEYS */;
INSERT INTO `sessions` VALUES ('0156f112-2dac-4075-afe5-6c1373694769',1,'RFCT60M26MY','2026-06-28 01:17:39'),('029b36ab-217b-4197-9d18-42c86d492e46',1,'RFCT60M26MY','2026-06-28 09:14:19'),('03804780-e54f-46f4-afc0-d496479bdb68',1,'RFCT60M26MY','2026-06-28 02:38:33'),('04b79187-cda9-4bac-822f-03fc21f6f113',1,'RFCT60M26MY','2026-06-28 09:03:37'),('0511ba66-803c-4222-813b-ce8f45de73ca',1,'RFCT60M26MY','2026-06-28 01:23:32'),('0526ffbd-d172-44db-82b6-23e1993a3e69',1,'RFCT60M26MY','2026-06-28 01:18:19'),('0580ed0e-5b00-4599-9f09-ec6dc737448e',1,'RFCT60M26MY','2026-06-28 01:19:13'),('05839bd5-b395-456d-8770-e48f5cfcbbc0',1,'RFCT60M26MY','2026-06-28 02:39:14'),('0645b980-5bbe-472f-a9c8-66d78e07656c',1,'RFCT60M26MY','2026-06-28 01:19:10'),('07572cbc-2af2-4387-809d-2bd60d438307',2,'R5CRC3DAKAL','2026-06-28 01:22:14'),('0903571c-2382-4943-8d1c-f99533eb14ce',6,'R5CRC3DAKAL','2026-06-28 09:10:59'),('09393d4b-2be0-4a2c-a5b3-7c235201fe31',1,'RFCT60M26MY','2026-06-28 02:37:58'),('09eb73f8-84c1-4daf-b560-8e533d5e1764',1,'RFCT60M26MY','2026-06-28 01:25:10'),('0a8f658a-6406-47f0-8603-bda49ef07a3b',1,'RFCT60M26MY','2026-06-29 03:53:33'),('0b1181af-42ae-46fc-ac85-560e5f0901d1',6,'R5CRC3DAKAL','2026-06-28 09:01:59'),('0b559e65-0510-4956-b373-1197d99ccfd4',1,'RFCT60M26MY','2026-06-28 01:17:33'),('0b930de9-d18b-4170-9a21-11d36c7b1812',6,'R5CRC3DAKAL','2026-06-28 09:07:24'),('0bf07ba8-ae87-403a-8ef2-e42617f052ff',1,'RFCT60M26MY','2026-06-28 01:22:51'),('0c68e544-ffbd-4d10-82e1-0c045668208e',1,'RFCT60M26MY','2026-06-28 09:10:02'),('0c928438-789e-471e-aea6-e5167871a444',1,'RFCT60M26MY','2026-06-28 02:38:04'),('0d2c4591-843d-40af-9482-d834ba8730cc',1,'RFCT60M26MY','2026-06-28 01:19:26'),('0d508379-b740-46ba-b061-b5fc7cf2975d',1,'RFCT60M26MY','2026-06-28 09:07:32'),('0dacaa98-9dd9-4ae9-80b6-ecc3072b1b0c',2,'R5CRC3DAKAL','2026-06-28 01:22:24'),('0dcc49f4-9a63-451a-90e7-af18cdf45f07',1,'RFCT60M26MY','2026-06-28 03:54:34'),('0dd5da9c-9efa-4888-8f58-2fd76eadc436',1,'RFCT60M26MY','2026-06-28 09:10:10'),('0e508cef-912f-46c8-bc33-0a19bbce38d6',6,'R5CRC3DAKAL','2026-06-28 09:07:31'),('10dfd74f-db2b-48d4-a4b5-c940ee78c5a2',1,'RFCT60M26MY','2026-06-28 01:22:36'),('1125f344-3f7b-447e-8dc0-5217222c61cc',1,'RFCT60M26MY','2026-06-28 09:04:26'),('119da4c3-7459-4c9e-adc8-7e1a315594be',1,'RFCT60M26MY','2026-06-28 02:39:23'),('11b6dddd-1e88-4281-98da-6ab7f525ad77',1,'RFCT60M26MY','2026-06-28 09:02:47'),('11c6ac12-3794-4da0-810b-29482cae217f',1,'RFCT60M26MY','2026-06-28 01:17:54'),('124661a7-d9f4-4bb9-afaf-46582514f223',1,'RFCT60M26MY','2026-06-28 03:15:14'),('1283547a-f3b8-4708-b6fb-cc0849c70dad',1,'RFCT60M26MY','2026-06-28 03:44:24'),('13f6ce9e-3a64-45d4-ba91-9aa5385f8243',1,'RFCT60M26MY','2026-06-28 01:18:27'),('141bc9dd-4aa0-48d3-a4f4-0f5d1b3595f5',1,'RFCT60M26MY','2026-06-27 16:16:17'),('14c894b9-a1bf-4b28-8a41-d6662ec03106',1,'RFCT60M26MY','2026-06-28 14:30:31'),('162488c5-6ab3-4cc9-a4f9-2dffc7705cb7',1,'RFCT60M26MY','2026-06-28 02:38:35'),('176fc86f-3d3f-463c-8e2e-7e6138051822',1,'RFCT60M26MY','2026-06-29 03:56:01'),('181ca8ba-f472-4959-880f-21ad29557173',1,'RFCT60M26MY','2026-06-28 01:28:51'),('19a5aae8-21a7-472d-945e-172d489dd1e1',6,'R5CRC3DAKAL','2026-06-28 09:11:06'),('19d2bff0-53ac-4a15-b070-947404c68083',1,'RFCT60M26MY','2026-06-28 01:19:11'),('1a8bd92d-5a84-42c0-9e2b-4053eeb2233d',2,'R5CRC3DAKAL','2026-06-28 01:22:01'),('1c05aaea-e109-4e2e-b9cc-44dc0a5197fd',2,'R5CRC3DAKAL','2026-06-28 01:53:39'),('1c6df612-bacb-4071-95e8-45bf06e2b5ce',2,'RFCT60M26MY','2026-06-28 14:29:50'),('1d095dee-b1ac-4c91-9dd3-6e92ba2bbd72',6,'R5CRC3DAKAL','2026-06-28 09:15:05'),('1d1635b6-fbcf-434b-a5d1-c6c48b5ee900',1,'RFCT60M26MY','2026-06-28 02:38:22'),('1d1f0ab7-9ead-4882-9229-9ddae1b462d5',1,'RFCT60M26MY','2026-06-28 09:11:21'),('1f832332-3ba4-4ff4-b691-ccdb666c0478',1,'RFCT60M26MY','2026-06-28 01:19:21'),('1fdb47fa-dad1-43f2-a896-441d77f18fec',1,'RFCT60M26MY','2026-06-28 01:18:24'),('20c1d7bc-1fef-43ad-a89b-7f5e68022ba3',1,'RFCT60M26MY','2026-06-28 01:23:10'),('21221fd6-3841-492f-a694-a32e71551a18',1,'RFCT60M26MY','2026-06-28 02:15:30'),('21511fee-d5f0-4197-a66e-2323fb3d500b',1,'RFCT60M26MY','2026-06-28 03:20:34'),('21ef6393-ce2b-4bf4-9a4c-2dd1e2a84be2',1,'RFCT60M26MY','2026-06-28 01:18:05'),('223a2d5a-a3bd-417b-8df2-e453a216ddc7',6,'R5CRC3DAKAL','2026-06-28 08:58:59'),('234d2f7a-793c-4688-b891-ec7943cd732d',1,'RFCT60M26MY','2026-06-28 01:23:37'),('2584fe1a-3390-4012-97c1-b308a04edd5b',1,'RFCT60M26MY','2026-06-28 01:24:04'),('26a74059-e0a0-4250-acb0-c247c016ec36',1,'RFCT60M26MY','2026-06-28 04:08:44'),('27be678c-18ce-441e-9111-f24d62cebbdd',1,'RFCT60M26MY','2026-06-28 01:18:25'),('29ed2757-d663-4360-9105-3bef39ee2c3f',6,'R5CRC3DAKAL','2026-06-28 09:10:35'),('2ace1031-79f8-4697-ae12-39ec9ad00135',1,'RFCT60M26MY','2026-06-28 01:17:46'),('2b162f9b-2c55-4941-85ed-c3ce2245d467',1,'RFCT60M26MY','2026-06-28 01:22:49'),('2bc4ea6e-34e4-476a-99a4-15cb2d1860cf',1,'RFCT60M26MY','2026-06-28 01:17:36'),('2ca670d1-fe59-44ba-9eed-69d52fd8ed5e',6,'R5CRC3DAKAL','2026-06-29 05:10:23'),('2d5f2a1b-9719-4b71-9d3a-5d6d5513a2e2',1,'RFCT60M26MY','2026-06-28 01:19:39'),('2d638a9c-aff0-4708-bc3d-ef396970d492',1,'RFCT60M26MY','2026-06-28 02:38:47'),('2d9e729c-baca-40a2-b41b-8b8994b1500b',1,'RFCT60M26MY','2026-06-28 09:07:47'),('2dda452d-8759-4fd5-8335-61317a035b6c',1,'RFCT60M26MY','2026-06-28 01:23:02'),('2e10071a-5266-436f-baf7-43679f4e3cab',6,'R5CRC3DAKAL','2026-06-28 09:00:46'),('2e58b210-ce5e-4eda-8041-f28cfdc82e41',1,'RFCT60M26MY','2026-06-28 01:18:22'),('2e612627-2ba5-4085-9224-abb0fe631f5f',2,'R5CRC3DAKAL','2026-06-28 01:22:34'),('2e8d6efe-78e3-4a5c-8c8d-2563a9cba675',1,'RFCT60M26MY','2026-06-28 01:25:30'),('3000181d-5ad8-4c7d-ae3a-e7dc11b99d07',6,'R5CRC3DAKAL','2026-06-28 09:10:51'),('302f7fb2-03b9-4c9c-a0d6-893cd9071f2d',1,'RFCT60M26MY','2026-06-28 02:37:56'),('31e4bdff-a031-4809-9852-144e8fa75a41',1,'RFCT60M26MY','2026-06-28 01:17:23'),('31e8893a-93a8-4371-b335-5bd55eb14011',1,'RFCT60M26MY','2026-06-28 01:19:28'),('32b65638-ea45-4571-b151-d0c1c1d26e8a',6,'R5CRC3DAKAL','2026-06-28 09:08:42'),('340ee438-13fb-44b6-849b-02920f8f716a',1,'RFCT60M26MY','2026-06-28 01:23:11'),('3423c065-fa48-4f14-aa71-0f704456dd7a',1,'RFCT60M26MY','2026-06-28 01:17:31'),('342de13e-f465-4d43-8163-78918ddf2329',1,'RFCT60M26MY','2026-06-28 07:50:03'),('347a46a9-7345-4729-ab61-3035f1016948',1,'RFCT60M26MY','2026-06-28 04:09:22'),('35bde7c8-1794-4973-8f57-9d19994934ff',6,'R5CRC3DAKAL','2026-06-28 08:57:03'),('364e19bf-0ee9-4f28-9384-10998078328d',1,'RFCT60M26MY','2026-06-28 01:24:58'),('36746c92-3b5b-4abd-bea2-3eaa1284fe39',1,'RFCT60M26MY','2026-06-29 05:25:48'),('36a470b8-8beb-4689-bdae-fb50a5194f40',1,'RFCT60M26MY','2026-06-28 02:37:49'),('36a59c34-52af-49e4-a4a0-eac0b7980313',6,'R5CRC3DAKAL','2026-06-28 09:07:47'),('37c6eeb2-d0e0-4ae2-97db-58eef8aa50b3',6,'R5CRC3DAKAL','2026-06-28 09:10:11'),('3858674b-c4ad-41ef-8cf0-d85b7a258b40',6,'R5CRC3DAKAL','2026-06-29 04:51:05'),('38f49f55-1024-45df-82ba-abf16b972319',1,'RFCT60M26MY','2026-06-28 01:02:02'),('396fc3f3-7292-4064-ae74-6de862b73920',1,'RFCT60M26MY','2026-06-28 09:15:07'),('399b49d3-4e1a-4cdb-921a-2161ace55304',6,'R5CRC3DAKAL','2026-06-28 09:23:55'),('3c0618a0-96ad-4188-8cb1-6e1ff6542e63',1,'RFCT60M26MY','2026-06-28 01:18:07'),('3c225758-d1a1-464b-ba0b-2878661490ff',1,'RFCT60M26MY','2026-06-28 02:39:19'),('3d990f1e-2320-44bf-86be-e6a3cf616650',1,'RFCT60M26MY','2026-06-28 09:11:06'),('3f41a645-8f9a-4792-ade9-45b084122add',1,'RFCT60M26MY','2026-06-28 01:22:53'),('411e7226-d896-4935-b0ab-b522b21591ef',1,'RFCT60M26MY','2026-06-28 01:22:44'),('43209a7f-df70-41b4-8d23-c15073f3da50',1,'RFCT60M26MY','2026-06-28 01:19:19'),('432a8e07-32c7-45dc-99cd-fdc85dcae474',1,'RFCT60M26MY','2026-06-28 01:23:28'),('43407ae0-12bc-447d-9f1b-5f1095ca1ac7',1,'RFCT60M26MY','2026-06-28 01:24:47'),('44806ba3-e7f3-4c26-aefc-2edb9dabda2b',1,'RFCT60M26MY','2026-06-28 01:24:53'),('45334986-7dfb-40ae-9c54-0a1945c6306d',1,'RFCT60M26MY','2026-06-28 01:22:41'),('45a1e9f0-c2ec-4876-a9c8-e6dee37ffc46',6,'R5CRC3DAKAL','2026-06-28 09:09:48'),('461f8300-5158-48b9-b81f-e3840653733f',1,'RFCT60M26MY','2026-06-28 03:35:07'),('46334aa0-920b-4320-9fdf-278bea3a6065',1,'RFCT60M26MY','2026-06-28 09:07:16'),('466696ae-095a-4c90-8c86-11f4f9ca574e',1,'RFCT60M26MY','2026-06-28 01:19:34'),('47755273-8d97-4639-af4e-0048393e3c47',1,'RFCT60M26MY','2026-06-28 01:19:42'),('4832fd82-685b-438c-8cf0-ffa763b46a10',1,'RFCT60M26MY','2026-06-28 03:53:25'),('4875cb89-cc05-4ec7-9330-2928f55a8ccf',1,'RFCT60M26MY','2026-06-28 07:52:38'),('49920db4-8d9b-4490-b8d2-cf0fb557a7e8',1,'RFCT60M26MY','2026-06-28 01:19:05'),('49d5dcba-689c-4118-850c-dedb1aad6c37',1,'RFCT60M26MY','2026-06-28 01:19:16'),('4cbd5af5-786d-4a76-953b-22b971b1db4d',1,'RFCT60M26MY','2026-06-28 01:18:12'),('4cf528b2-4dbe-4d56-8b96-05beca1bb691',6,'R5CRC3DAKAL','2026-06-28 09:41:52'),('4fa5401a-e1f0-47ca-9924-3c155e005b03',1,'RFCT60M26MY','2026-06-28 02:38:08'),('501cc4d8-910a-4248-9b0b-8faeb42ec025',2,'R5CRC3DAKAL','2026-06-28 01:22:26'),('515bdf0d-08d2-4c6d-a0ea-39263fb7062d',1,'RFCT60M26MY','2026-06-28 01:24:32'),('51a5a90c-f7c2-4bef-9d3f-0a7564d79829',6,'R5CRC3DAKAL','2026-06-28 09:11:14'),('520f81b1-313e-4194-bdbc-686a38e740ea',1,'RFCT60M26MY','2026-06-28 03:43:51'),('52b593d2-7914-400f-a400-f829d55aefad',1,'RFCT60M26MY','2026-06-28 02:38:51'),('544d5ca4-6df0-45ff-a318-c6c7df52dd98',1,'RFCT60M26MY','2026-06-28 01:19:16'),('5500c50f-c968-4ba2-9091-78f6ca84994f',1,'RFCT60M26MY','2026-06-28 01:24:28'),('554541bf-05a7-4f37-988a-8708c543c8f1',1,'RFCT60M26MY','2026-06-28 09:10:34'),('555b03d3-a5e8-4687-853e-2767d45fa618',1,'RFCT60M26MY','2026-06-28 02:19:23'),('55866bb2-2944-448f-8060-01d3275c5638',1,'RFCT60M26MY','2026-06-28 01:19:31'),('55b73ab3-8ca7-4c28-ad0b-8edfb3da0f61',1,'RFCT60M26MY','2026-06-28 02:38:32'),('56e3d3cf-13b7-4cfb-b6a6-1794eaaa44cd',6,'R5CRC3DAKAL','2026-06-28 09:08:03'),('5730dab7-c501-49b7-a93a-1c59633e0ef5',1,'RFCT60M26MY','2026-06-28 02:39:04'),('57cad0c3-a724-4479-8411-495aec0089a8',1,'RFCT60M26MY','2026-06-28 03:36:17'),('57d39647-da5f-4127-8e64-ee1e9c764a56',1,'RFCT60M26MY','2026-06-28 01:18:17'),('58ac5b3e-d641-4408-99a0-9ba1c6412c3e',2,'R5CRC3DAKAL','2026-06-28 01:22:19'),('5da9e93b-3ca3-47e2-9b04-ca82dd872ca1',1,'RFCT60M26MY','2026-06-28 04:09:10'),('601824dd-84ee-4c14-ae3d-ab12f65b474d',1,'RFCT60M26MY','2026-06-28 01:19:12'),('60525787-3e9e-40b6-ad31-0e38f467a445',6,'R5CRC3DAKAL','2026-06-28 09:09:32'),('61fd1a56-93b5-432a-8237-9f58549552ec',1,'RFCT60M26MY','2026-06-28 03:53:33'),('62184aa6-11a6-4df2-9f1e-3402f02e2ae2',1,'RFCT60M26MY','2026-06-28 09:10:58'),('62445b15-c9c8-400a-a117-303296deaf81',1,'RFCT60M26MY','2026-06-28 01:19:14'),('629c39da-2673-481a-96ac-a182f416ee5b',1,'RFCT60M26MY','2026-06-28 01:25:15'),('635c45e3-d0fd-4b74-b8c5-9b2817a2197a',6,'R5CRC3DAKAL','2026-06-28 09:08:19'),('644a3a59-34c3-49f2-a0be-1947dbc9a1f2',1,'RFCT60M26MY','2026-06-28 01:03:40'),('64987b8f-fbf1-4dc8-91ba-069d4b7b6e88',6,'R5CRC3DAKAL','2026-06-28 09:02:52'),('64ebdd81-a3f6-432f-aca9-305bb2e91200',6,'R5CRC3DAKAL','2026-06-28 09:10:04'),('65d6d482-21d5-44c6-81a2-b18a2a8d1033',6,'R5CRC3DAKAL','2026-06-28 09:01:10'),('66d33838-1119-43c9-82f7-6b75518d23d4',6,'R5CRC3DAKAL','2026-06-28 09:07:39'),('67f3aa64-0b63-4a3d-85cc-bce66a694d32',6,'R5CRC3DAKAL','2026-06-28 09:05:16'),('68fb51ce-47cf-47f0-b184-efee6f8b59c4',1,'RFCT60M26MY','2026-06-28 01:24:16'),('69108a08-c40f-48bf-823d-6e47ea4be431',6,'R5CRC3DAKAL','2026-06-28 09:02:48'),('691f8e45-df05-41ce-80c2-dbfd87b8db8c',1,'RFCT60M26MY','2026-06-28 09:09:54'),('6a68ea80-baa8-4330-bbba-7d6ba046ed6a',1,'RFCT60M26MY','2026-06-28 01:22:56'),('6af446fa-d42b-43da-a8a0-df8f48d37d4c',1,'RFCT60M26MY','2026-06-27 15:21:37'),('6b5091ff-ed0e-47fc-9364-b9eb755058ec',1,'RFCT60M26MY','2026-06-28 03:54:22'),('6b62053d-0745-46c6-8480-d0e922180994',1,'RFCT60M26MY','2026-06-28 02:38:58'),('6c58b65c-de39-483f-82ff-b14d90effdaf',1,'RFCT60M26MY','2026-06-28 09:10:50'),('6c7d10be-e49e-4646-8d82-4643605c6992',2,'R5CRC3DAKAL','2026-06-28 09:36:05'),('6de2ea90-aad0-4bd1-8a9d-ee6e33bbf3c8',1,'RFCT60M26MY','2026-06-28 01:01:56'),('6e94218f-3a58-4831-b074-0a5f24d58782',1,'RFCT60M26MY','2026-06-28 03:49:04'),('6f023894-fe54-4047-a390-3639a3d4e5ad',1,'RFCT60M26MY','2026-06-28 09:09:31'),('6f46b02a-e6ab-4b7b-aad0-bf22fcb7ad3e',1,'RFCT60M26MY','2026-06-28 01:23:43'),('7067e052-7eea-4ec0-92ab-0f4edeb81d45',6,'R5CRC3DAKAL','2026-06-28 09:09:24'),('70ac625a-0f33-439d-b18b-a3048e4e826f',1,'RFCT60M26MY','2026-06-28 03:23:18'),('70ace212-ba5a-47a6-904e-a38dee8285a9',1,'RFCT60M26MY','2026-06-28 09:10:18'),('7171d713-df43-4cb1-a48f-afabfeb1cea0',1,'RFCT60M26MY','2026-06-28 02:46:04'),('717b3b9b-be6f-4029-af03-c5f7c649b5a4',1,'RFCT60M26MY','2026-06-28 09:11:13'),('720647a9-74ed-40ba-84d9-bb194b08b022',1,'RFCT60M26MY','2026-06-29 06:07:58'),('726a263e-1f63-4be1-b899-80608982ec2b',1,'RFCT60M26MY','2026-06-28 02:38:26'),('730bbc5b-5d01-4f17-b3c0-224e34e6a74b',1,'RFCT60M26MY','2026-06-28 01:25:26'),('73375e31-f93c-4f91-94b9-eecb7b6ffeff',1,'RFCT60M26MY','2026-06-28 03:29:26'),('736def7b-7fa0-4b73-83fa-1435c5a16b3c',6,'R5CRC3DAKAL','2026-06-29 04:07:14'),('74eb9c52-72d6-447b-b9be-cf5d82899fce',2,'R5CRC3DAKAL','2026-06-27 15:59:11'),('7638df76-6f32-4d59-8f62-ee1e8615c80b',1,'RFCT60M26MY','2026-06-28 01:51:55'),('78a0cad1-754d-492a-9032-4e08b934ac62',1,'RFCT60M26MY','2026-06-28 01:19:07'),('7997b41a-a12e-46fd-aaed-596fbc6f3b2c',1,'RFCT60M26MY','2026-06-28 09:08:43'),('7af33c77-65e0-445f-94c7-906664430a5f',1,'RFCT60M26MY','2026-06-28 03:23:34'),('7b924230-b670-4364-b1f7-a81af826e6fc',1,'RFCT60M26MY','2026-06-28 09:09:11'),('7c3d1ae6-0271-448c-b6e0-38de5219afca',2,'R5CRC3DAKAL','2026-06-28 01:22:03'),('7c6799bf-8bc2-4af0-bdb8-21bd0ba6ec25',1,'RFCT60M26MY','2026-06-28 01:19:35'),('7d999ba2-598d-4317-a363-dad8efbaea05',1,'RFCT60M26MY','2026-06-28 01:17:59'),('7deff661-8845-4a88-8a0e-5ad2ea55d462',2,'R5CRC3DAKAL','2026-06-28 01:53:41'),('7e8d651f-e24b-40cc-87a9-c00cf08940ff',1,'RFCT60M26MY','2026-06-28 09:16:52'),('7e997909-c792-499b-b07c-f5d97452799f',6,'R5CRC3DAKAL','2026-06-28 09:07:16'),('7eb65ffc-700b-4063-bbe5-c4448f7698d9',1,'RFCT60M26MY','2026-06-28 09:09:04'),('7f162cd0-95cb-4311-a66d-809b83172d5b',1,'RFCT60M26MY','2026-06-28 01:22:47'),('8063404b-29dc-444c-998f-d83d749c3a92',1,'RFCT60M26MY','2026-06-28 02:37:52'),('81722984-cb4f-4380-94be-1160854c81be',1,'RFCT60M26MY','2026-06-28 09:09:39'),('8491d3a8-0f6e-43ce-92f8-6fb9b358efde',1,'RFCT60M26MY','2026-06-28 01:17:44'),('85de2e16-57cf-4474-a9db-1eea901c31d0',1,'RFCT60M26MY','2026-06-28 01:24:38'),('87288b94-cbe9-42f6-a6a4-21b90f36e159',1,'RFCT60M26MY','2026-06-28 01:33:16'),('88cf7a5b-28b0-4647-81ef-b02ec9b8099e',1,'RFCT60M26MY','2026-06-28 09:08:27'),('88f1bfb6-47cd-482d-b084-052e822cd2ab',1,'RFCT60M26MY','2026-06-28 01:23:49'),('89c88eb2-d606-4da1-8e58-5b1cddd2b0cb',6,'R5CRC3DAKAL','2026-06-28 09:09:02'),('89d50246-a845-413f-ae61-436bdef507a9',1,'RFCT60M26MY','2026-06-28 02:13:23'),('89ee412d-d9db-43ad-b0c3-a76141848191',1,'RFCT60M26MY','2026-06-28 09:08:35'),('8a6a57c1-a966-4ce1-a5b1-b5b10bda8598',1,'RFCT60M26MY','2026-06-28 01:23:05'),('8ac2ce2c-783c-4f70-b057-c7dc54e6004d',1,'RFCT60M26MY','2026-06-28 09:05:16'),('8af06b5b-1969-40bf-89ad-cc3427d2fb40',1,'RFCT60M26MY','2026-06-29 05:29:36'),('8b6aca48-2c2b-4985-b730-7a67c11fc167',1,'RFCT60M26MY','2026-06-28 01:18:02'),('8c4a1dd4-5e99-4ebb-a3c6-afd374668d23',2,'R5CRC3DAKAL','2026-06-28 01:22:08'),('8d5f3b33-6f66-44c3-a008-e40a4902ffa5',1,'RFCT60M26MY','2026-06-28 04:10:46'),('8fe0340c-b4a2-450c-80c3-9a16a736825c',1,'RFCT60M26MY','2026-06-28 01:23:55'),('947711c6-24ad-4f88-bf9f-c2014d7233a5',6,'R5CRC3DAKAL','2026-06-28 09:18:34'),('960d74e1-b0d2-425c-bb62-f20e730e9bce',1,'RFCT60M26MY','2026-06-28 09:06:05'),('96506686-f24a-4b49-bfdb-bcab66476b99',1,'RFCT60M26MY','2026-06-28 01:28:30'),('98e31a9b-4c0b-4bd4-9481-2beb73b1f8af',1,'RFCT60M26MY','2026-06-28 02:12:51'),('993134bd-5424-402a-8727-296a68bc5b21',1,'RFCT60M26MY','2026-06-28 01:24:00'),('998f0090-cabe-43c0-a5b1-649db04d151a',6,'R5CRC3DAKAL','2026-06-28 09:08:27'),('99cca80d-88df-4458-ba65-4573667f28f8',2,'R5CRC3DAKAL','2026-06-28 01:22:12'),('9b3208d5-800c-46d3-998e-a5d8025038f1',1,'RFCT60M26MY','2026-06-28 03:34:49'),('9bce52f6-158d-45da-8600-b92039410669',1,'RFCT60M26MY','2026-06-28 01:17:52'),('9d0c3559-8d9e-41db-bfd1-6749cc4e9090',1,'RFCT60M26MY','2026-06-28 01:22:38'),('9d20d72b-476d-40f4-8dbc-9360e53d401f',1,'RFCT60M26MY','2026-06-28 02:38:06'),('9d2914f4-7fd5-4512-a853-006eaea448a4',6,'R5CRC3DAKAL','2026-06-28 09:26:06'),('9eb4872a-9210-4bd5-bfa2-b26bafc69b40',1,'RFCT60M26MY','2026-06-28 01:17:49'),('9f9e8a24-7c95-4b1f-9979-f53565e5608c',1,'RFCT60M26MY','2026-06-28 02:38:02'),('9faa4f82-39e2-44e1-a1fe-67b296425d2e',1,'RFCT60M26MY','2026-06-28 02:38:00'),('9fde6c6c-25f4-4e85-8bb1-ce3f8109ce1d',6,'R5CRC3DAKAL','2026-06-28 09:10:43'),('a0ef314c-26c3-4837-ad5c-72345a208ac3',6,'R5CRC3DAKAL','2026-06-28 09:00:26'),('a1f20e22-c1e7-4d2c-a195-8bb849e9a4f4',6,'R5CRC3DAKAL','2026-06-28 09:09:56'),('a27628a5-3afc-407c-b3a3-06dbd5d1b621',1,'RFCT60M26MY','2026-06-28 04:00:29'),('a303a111-d996-4fd7-b2c8-adfab7c9e071',1,'RFCT60M26MY','2026-06-28 02:39:33'),('a3254dba-e672-4a67-88b8-e1ab3d69dd13',1,'RFCT60M26MY','2026-06-29 03:58:27'),('a3c6be99-1b05-4a90-af5a-18b89519b920',1,'RFCT60M26MY','2026-06-28 01:17:26'),('a3d5f322-d5c1-4164-b573-2671dfe154bd',1,'RFCT60M26MY','2026-06-28 03:43:59'),('a47ea15f-f2ac-4b72-84b8-a9b8bbbdbfad',1,'RFCT60M26MY','2026-06-28 04:09:02'),('a66060ea-c450-4892-9357-d22f826716dc',6,'R5CRC3DAKAL','2026-06-28 09:08:50'),('a67fedc6-d585-47c5-bbda-0eb05311a49a',6,'R5CRC3DAKAL','2026-06-28 09:14:11'),('a766fcdc-625c-4d85-8316-34e4a00db74b',1,'RFCT60M26MY','2026-06-28 02:46:50'),('a890c330-188c-410b-bb4f-b3d5cc0cfdd4',1,'RFCT60M26MY','2026-06-28 09:06:54'),('aa54400b-023a-467c-8a81-de324713582d',1,'RFCT60M26MY','2026-06-28 01:23:17'),('ab43efaa-13b5-4c8f-86c4-1ecdd61150fc',1,'RFCT60M26MY','2026-06-28 02:38:15'),('ac6e2a19-b515-4bda-b194-4dcb2ad3fa87',1,'RFCT60M26MY','2026-06-28 04:14:47'),('ad4c652c-9974-4142-93c7-5fc90ba0ebce',1,'RFCT60M26MY','2026-06-28 02:38:19'),('ad763a89-82f6-42cc-a8da-7dfa35fa4d04',1,'RFCT60M26MY','2026-06-29 05:09:30'),('afbc688f-e295-4061-aaf0-eadba040d172',1,'RFCT60M26MY','2026-06-28 01:24:22'),('afdcbc3f-5054-4b5b-b598-b2c5c4089cdd',1,'RFCT60M26MY','2026-06-28 09:09:47'),('b0108114-0ca2-4dd7-99b1-5d17a0f674e7',1,'RFCT60M26MY','2026-06-28 01:24:09'),('b091ebb1-d810-49cc-ae10-3e77a56167e6',6,'R5CRC3DAKAL','2026-06-28 09:10:27'),('b1ec1f48-e06b-464f-bc0d-02ad51047da7',1,'RFCT60M26MY','2026-06-28 01:19:23'),('b2359ff7-5c4b-484d-a03f-7b5bba1fab93',6,'R5CRC3DAKAL','2026-06-28 09:06:54'),('b246f4d8-1671-4080-92c2-10155d6c43bd',1,'RFCT60M26MY','2026-06-28 01:25:05'),('b2ba03ac-8853-4932-a2f3-a2a24485e6e2',1,'RFCT60M26MY','2026-06-28 09:08:19'),('b451327b-2276-4187-adaa-bf7612c48d00',1,'RFCT60M26MY','2026-06-28 01:25:21'),('b4e357a7-c600-45cc-8864-67e83a3fb8cd',1,'RFCT60M26MY','2026-06-28 02:38:44'),('b4fde22d-f51d-4d50-a485-6dec0259989b',2,'R5CRC3DAKAL','2026-06-28 01:22:05'),('b5407c9a-069d-4cc9-bb08-90d14dd0916f',1,'RFCT60M26MY','2026-06-28 14:29:22'),('b7799da8-e2a5-4c68-ab8a-823f6e6c78f4',1,'RFCT60M26MY','2026-06-28 09:01:58'),('b8696bf1-3548-4276-88d9-afcaf11a7511',6,'R5CRC3DAKAL','2026-06-28 09:07:55'),('b928d75a-31cc-465b-b737-c65071d74647',6,'R5CRC3DAKAL','2026-06-28 09:09:16'),('bbc399d9-2d23-466d-8541-3c959d8c6bf8',1,'RFCT60M26MY','2026-06-28 01:19:03'),('bbdc723a-f8fe-4c6b-8bfd-f5c1ea91674a',2,'RFCT60M26MY','2026-06-28 14:30:16'),('bbee8686-b637-4012-9c00-ddfdd032018f',6,'R5CRC3DAKAL','2026-06-28 09:09:08'),('bc07b8eb-87fa-476e-9179-8986ad93c434',1,'RFCT60M26MY','2026-06-28 03:53:08'),('bca88521-c522-414f-84ad-2b1d2b577e88',1,'RFCT60M26MY','2026-06-28 02:38:41'),('be73645c-312d-4969-9a76-6b555eeae9f7',1,'RFCT60M26MY','2026-06-28 03:41:04'),('bf9e2845-0ced-4ec1-ac88-a5be7bdfd431',1,'RFCT60M26MY','2026-06-28 03:16:20'),('c0353439-af76-4f8d-8ae1-0dd5b463221c',1,'RFCT60M26MY','2026-06-28 02:37:54'),('c0f739af-7a6d-47ae-b1fa-d53703752605',2,'RFCT60M26MY','2026-06-28 14:29:28'),('c35642d7-b7a3-4a19-b474-883b8f4cde5d',6,'R5CRC3DAKAL','2026-06-28 09:03:38'),('c57b9266-64ff-4e8b-8913-c7d52ff3c09b',1,'RFCT60M26MY','2026-06-28 09:07:24'),('c585348a-c72e-429e-b9f2-5d414b99ca7a',1,'RFCT60M26MY','2026-06-28 02:39:27'),('c5dbeeaa-118f-4751-916e-ab1ae014ccc9',1,'RFCT60M26MY','2026-06-28 02:38:17'),('c6839f05-9466-489d-b3ae-ecec86b63bbd',6,'R5CRC3DAKAL','2026-06-29 03:39:55'),('c7f49ab1-42ad-47d7-8f7c-14f6dc695bae',6,'R5CRC3DAKAL','2026-06-28 09:09:40'),('c8136aa0-7e5a-4a6a-9098-b8bab7bab7dd',1,'RFCT60M26MY','2026-06-28 04:00:20'),('c91aea01-e7fc-4b9d-97d5-8b63cf78c5af',1,'RFCT60M26MY','2026-06-28 09:08:11'),('c9a90e77-1a62-4a30-bedc-5092f183b9f9',1,'RFCT60M26MY','2026-06-28 01:23:21'),('c9a93d91-e23a-4e9f-928c-2746af9bbd44',6,'R5CRC3DAKAL','2026-06-28 08:57:57'),('ca6b8345-722f-455d-ab4a-c9e6c775d8a0',1,'RFCT60M26MY','2026-06-28 02:39:10'),('ca8a2a1e-eb5f-4f15-8bb5-797b94df3fce',1,'RFCT60M26MY','2026-06-28 03:30:39'),('cb554270-51a7-494c-9c2e-002417c0c794',2,'R5CRC3DAKAL','2026-06-28 01:22:10'),('cc56c17d-8a73-4d0f-8e00-e4322c0a936a',2,'R5CRC3DAKAL','2026-06-28 01:22:29'),('cc70d6d3-0d74-4fc2-9b36-06e2c27ae738',6,'R5CRC3DAKAL','2026-06-28 08:56:14'),('cd315f40-7a05-48ef-b4fa-7b26e78e1a9d',2,'R5CRC3DAKAL','2026-06-28 01:21:58'),('cdf9bde7-a844-40aa-bfe2-46b7f8b6938e',1,'RFCT60M26MY','2026-06-28 01:24:43'),('ceaa86cf-5821-4012-8ca3-55f5b92183de',1,'RFCT60M26MY','2026-06-28 01:19:26'),('d01ffdf8-c296-4bd0-b0cb-e964b4ac3a67',1,'RFCT60M26MY','2026-06-28 02:39:45'),('d07fa318-bad0-40da-bc6e-eadabfaa2791',1,'RFCT60M26MY','2026-06-28 01:23:07'),('d0c65a8a-d1b0-4988-b290-95f9dd50d1ac',6,'R5CRC3DAKAL','2026-06-29 04:36:07'),('d0cd762c-6c35-4bad-ac9d-df6ffb8f0f99',1,'RFCT60M26MY','2026-06-28 01:19:36'),('d2e8dfa8-dcfe-476f-a783-122d17f243ca',1,'RFCT60M26MY','2026-06-28 01:17:57'),('d38d2ce4-9e50-4798-b71b-d62e9a988a53',2,'R5CRC3DAKAL','2026-06-28 01:21:23'),('d446f500-c539-4d6a-b090-ede8d515727b',6,'R5CRC3DAKAL','2026-06-28 09:16:32'),('d46801d2-a687-4edb-9fbf-3759d86555c1',2,'R5CRC3DAKAL','2026-06-28 01:22:21'),('d4f30c07-8056-4454-82c6-2d7e49781d82',1,'RFCT60M26MY','2026-06-28 02:39:10'),('d5488ba1-a343-422b-b352-31e9217c5970',2,'RFCT60M26MY','2026-06-28 14:30:42'),('d597755f-4eb5-4549-9882-b27244f065e1',1,'RFCT60M26MY','2026-06-29 04:13:19'),('d5bfffab-8978-4b87-bfb3-1f025f78d0fe',1,'RFCT60M26MY','2026-06-28 04:16:55'),('d62f65dd-8139-45ab-87e9-2a0f9b16895e',1,'RFCT60M26MY','2026-06-28 09:10:42'),('d7394178-992b-4fe4-8359-c8d42a4c34e0',6,'R5CRC3DAKAL','2026-06-28 09:04:27'),('d99fdbf7-5b27-458a-abbf-6d74c3c36319',1,'RFCT60M26MY','2026-06-28 09:07:40'),('da420614-0cf0-4632-8da3-5265fa74e191',1,'RFCT60M26MY','2026-06-28 02:38:10'),('da9df239-bbbf-4c35-a747-67c5a61cdbc9',1,'RFCT60M26MY','2026-06-28 01:19:19'),('dac94bfe-5424-4229-bbc6-7f9f3974f94f',1,'RFCT60M26MY','2026-06-28 02:46:18'),('dbec16a5-7e87-49d9-b129-ca3b3b0c1d0f',6,'R5CRC3DAKAL','2026-06-28 09:10:19'),('dbf7a398-1395-40e6-b5d6-30fcee638460',1,'RFCT60M26MY','2026-06-28 09:09:15'),('dbfc52f6-1298-491c-88a5-e7c7b8382b75',6,'R5CRC3DAKAL','2026-06-28 09:08:11'),('dc1a62ba-fa4b-411e-997e-67169b2afe09',1,'RFCT60M26MY','2026-06-27 15:36:53'),('dc6ce47f-eed6-4953-8903-5f922d855fe7',1,'RFCT60M26MY','2026-06-28 01:23:00'),('dcaf6a9d-e0f2-4078-8061-ca1cc777089e',1,'RFCT60M26MY','2026-06-28 09:08:50'),('ddc0895e-0460-40d5-bf66-a62f4f3d49b8',6,'R5CRC3DAKAL','2026-06-28 09:08:34'),('de574c9c-e042-4a07-9a4a-d623ccf75ca2',1,'RFCT60M26MY','2026-06-28 09:10:26'),('dfeb770f-1d05-42da-b0cd-fa162b0900bf',1,'RFCT60M26MY','2026-06-28 01:19:21'),('e0f3d978-b23a-4377-9fdc-fb9446f41cbc',1,'RFCT60M26MY','2026-06-28 01:17:41'),('e1a122e5-c7fa-444f-9d2a-8d885c5bd0e8',1,'RFCT60M26MY','2026-06-27 15:36:10'),('e2a7c29d-fa08-4077-98a9-5eca88cd38bd',1,'RFCT60M26MY','2026-06-28 01:19:23'),('e5d089fa-31f2-4dc7-8078-15300cea61ae',1,'RFCT60M26MY','2026-06-28 09:09:23'),('e629b274-433f-4e7b-953e-68f1a53af777',1,'RFCT60M26MY','2026-06-28 09:08:58'),('e711668b-d4ca-4c2d-b3fd-66cb5681179c',1,'RFCT60M26MY','2026-06-28 01:17:28'),('e8080709-a315-449d-a392-213757cf00c6',1,'RFCT60M26MY','2026-06-29 03:58:33'),('edb1193a-fd59-4286-afc8-746ce6108e5f',1,'RFCT60M26MY','2026-06-28 01:18:09'),('edf3f2c0-7cb9-4150-80c4-f2ecbaf1603d',1,'RFCT60M26MY','2026-06-28 01:18:14'),('ef2953df-c10c-4ea2-9307-a6c481619e3e',1,'RFCT60M26MY','2026-06-27 16:16:10'),('ef5532a8-25c2-4de3-a835-d0adc0402fc2',1,'RFCT60M26MY','2026-06-28 09:08:03'),('ef8cf6ff-bde1-4041-adb2-ed17f5e4b717',2,'R5CRC3DAKAL','2026-06-28 01:22:31'),('f0163f0a-4b0a-4f00-b3af-bf40a607fe07',1,'RFCT60M26MY','2026-06-27 16:16:24'),('f0ff50f1-25fc-4fbf-acae-1808a795c40b',1,'RFCT60M26MY','2026-06-28 02:38:13'),('f1907e04-bd18-4d59-8a7b-56486c0af74d',6,'R5CRC3DAKAL','2026-06-28 09:06:05'),('f1b382bf-748e-47e2-86bb-d9ceb7a85a5c',2,'R5CRC3DAKAL','2026-06-28 01:22:17'),('f1ecf663-77e9-4174-a1f6-ce5f58f9fc30',1,'RFCT60M26MY','2026-06-28 09:15:32'),('f26198c3-df38-42cc-84b1-7f2ec9b61b28',1,'RFCT60M26MY','2026-06-28 01:22:57'),('f26b401c-e69a-42cf-9216-6049f0511cd2',1,'RFCT60M26MY','2026-06-28 03:51:14'),('f457b5ad-b388-45d7-9463-9f3c72c98084',1,'RFCT60M26MY','2026-06-28 01:35:04'),('f5f2dc4a-d641-4da7-af80-c72045cb854b',1,'RFCT60M26MY','2026-06-28 01:19:29'),('f693ac4a-2720-48ec-ae90-4c55616febdd',1,'RFCT60M26MY','2026-06-28 09:07:55'),('f73e60c6-dff9-4547-b889-869fa2bc3876',1,'RFCT60M26MY','2026-06-28 01:02:51'),('f74f29d1-5347-433e-8260-2d86710caf8a',1,'RFCT60M26MY','2026-06-28 01:19:33'),('f8d000dc-7d35-42a6-bf09-be302c85e563',1,'RFCT60M26MY','2026-06-28 01:19:30'),('f9281cd1-0895-40ec-9fe1-d62681c1e35c',1,'RFCT60M26MY','2026-06-28 04:17:31'),('fa1b46ca-6b53-4dea-9e70-4f38c59773f7',1,'RFCT60M26MY','2026-06-27 16:17:05'),('fa4bdd2c-256c-4d2f-86f7-5cf3fad376b1',1,'RFCT60M26MY','2026-06-28 04:17:53'),('face085f-6aa4-4231-b447-697685a4a42b',1,'RFCT60M26MY','2026-06-28 14:31:35'),('fb58b455-23c8-4dc8-b9a8-df3d9a71bea4',1,'RFCT60M26MY','2026-06-28 03:42:32'),('fbb9e049-e7fe-4091-af07-4eb55e60547f',1,'RFCT60M26MY','2026-06-28 01:22:33'),('fc301ef3-27c7-4fb5-9bbd-2d0ea5487a8a',1,'RFCT60M26MY','2026-06-28 02:39:38'),('fcf9862b-de89-48e5-b09d-2d2693d60c16',1,'RFCT60M26MY','2026-06-28 09:15:17'),('fd717209-2679-491a-9983-8a540a2e22aa',6,'R5CRC3DAKAL','2026-06-28 09:08:58'),('fea43bf5-3c9a-4332-9de4-59a535d03d97',1,'RFCT60M26MY','2026-06-28 01:35:19'),('fee32152-77d0-48fd-a2ac-84198b1dbdf2',1,'RFCT60M26MY','2026-06-28 01:23:53'),('ffc3a7d7-6e48-4a08-9995-a36aac7c80c8',2,'RFCT60M26MY','2026-06-28 09:36:33');
/*!40000 ALTER TABLE `sessions` ENABLE KEYS */;
UNLOCK TABLES;

--
-- Table structure for table `topup_requests`
--

DROP TABLE IF EXISTS `topup_requests`;
/*!40101 SET @saved_cs_client     = @@character_set_client */;
/*!50503 SET character_set_client = utf8mb4 */;
CREATE TABLE `topup_requests` (
  `id` int NOT NULL AUTO_INCREMENT,
  `user_id` int NOT NULL,
  `amount` decimal(10,2) NOT NULL,
  `slip_path` varchar(255) NOT NULL,
  `status` enum('pending','approved','rejected') NOT NULL DEFAULT 'pending',
  `note` varchar(255) DEFAULT NULL,
  `created_at` timestamp NULL DEFAULT CURRENT_TIMESTAMP,
  `reviewed_at` timestamp NULL DEFAULT NULL,
  `reviewed_by` int DEFAULT NULL,
  PRIMARY KEY (`id`),
  KEY `user_id` (`user_id`),
  KEY `reviewed_by` (`reviewed_by`),
  CONSTRAINT `topup_requests_ibfk_1` FOREIGN KEY (`user_id`) REFERENCES `users` (`id`) ON DELETE CASCADE,
  CONSTRAINT `topup_requests_ibfk_2` FOREIGN KEY (`reviewed_by`) REFERENCES `users` (`id`) ON DELETE SET NULL
) ENGINE=InnoDB AUTO_INCREMENT=7 DEFAULT CHARSET=utf8mb4 COLLATE=utf8mb4_0900_ai_ci;
/*!40101 SET character_set_client = @saved_cs_client */;

--
-- Dumping data for table `topup_requests`
--

LOCK TABLES `topup_requests` WRITE;
/*!40000 ALTER TABLE `topup_requests` DISABLE KEYS */;
INSERT INTO `topup_requests` VALUES (1,1,500.00,'uploads/slips/20260628_071654_u1_2bde5e99.png','approved',NULL,'2026-06-28 07:16:54','2026-06-28 07:18:29',2),(2,1,100.00,'uploads/slips/20260628_072727_u1_18e0f8dd.jpg','approved',NULL,'2026-06-28 07:27:27','2026-06-28 07:28:04',2),(3,1,100.00,'uploads/slips/20260628_072820_u1_8dff507b.jpg','approved',NULL,'2026-06-28 07:28:20','2026-06-28 07:39:25',2),(4,6,500.00,'uploads/slips/20260628_083145_u6_60b502f3.jpg','approved',NULL,'2026-06-28 08:31:45','2026-06-28 08:32:08',2),(5,6,500.00,'uploads/slips/20260628_083255_u6_4e8f59b8.jpg','rejected','เบิ้ล','2026-06-28 08:32:55','2026-06-28 08:34:26',2),(6,1,2000.00,'uploads/slips/20260629_035201_u1_fe9d8b79.jpg','approved',NULL,'2026-06-29 03:52:01','2026-06-29 03:52:15',2);
/*!40000 ALTER TABLE `topup_requests` ENABLE KEYS */;
UNLOCK TABLES;

--
-- Table structure for table `users`
--

DROP TABLE IF EXISTS `users`;
/*!40101 SET @saved_cs_client     = @@character_set_client */;
/*!50503 SET character_set_client = utf8mb4 */;
CREATE TABLE `users` (
  `id` int NOT NULL AUTO_INCREMENT,
  `username` varchar(64) NOT NULL,
  `password_hash` varchar(255) NOT NULL,
  `role` enum('customer','admin') NOT NULL DEFAULT 'customer',
  `created_at` timestamp NULL DEFAULT CURRENT_TIMESTAMP,
  `credits` decimal(10,2) NOT NULL DEFAULT '0.00',
  PRIMARY KEY (`id`),
  UNIQUE KEY `username` (`username`)
) ENGINE=InnoDB AUTO_INCREMENT=7 DEFAULT CHARSET=utf8mb4 COLLATE=utf8mb4_0900_ai_ci;
/*!40101 SET character_set_client = @saved_cs_client */;

--
-- Dumping data for table `users`
--

LOCK TABLES `users` WRITE;
/*!40000 ALTER TABLE `users` DISABLE KEYS */;
INSERT INTO `users` VALUES (1,'demo','$2y$10$.AWy69P0yCm.PQCx4MJ2hOfvba2TnbAuOFWGC8moygX..5Ap0uMvS','customer','2026-06-27 15:18:59',2980.00),(2,'admin','$2y$10$EDDcB.vQOUEADLl8F7vut.H/W5q.Snw.ChFS/Yhpiuckv3V5bmWS6','admin','2026-06-27 15:18:59',421.00),(3,'testuser99','$2y$10$xr9RNsgF09teOCuC1TckWOQL/JcRfoWsqlHYRvfFUWfqOwuZcWQ0K','customer','2026-06-27 15:20:55',0.00),(6,'sphongthorns','$2y$10$z65oZnQxf.bNzW09FVB8QuzKXlCi5pNRcqcIWJ6VhfhLEb.tlBugm','customer','2026-06-28 08:31:28',351.00);
/*!40000 ALTER TABLE `users` ENABLE KEYS */;
UNLOCK TABLES;
/*!40103 SET TIME_ZONE=@OLD_TIME_ZONE */;

/*!40101 SET SQL_MODE=@OLD_SQL_MODE */;
/*!40014 SET FOREIGN_KEY_CHECKS=@OLD_FOREIGN_KEY_CHECKS */;
/*!40014 SET UNIQUE_CHECKS=@OLD_UNIQUE_CHECKS */;
/*!40101 SET CHARACTER_SET_CLIENT=@OLD_CHARACTER_SET_CLIENT */;
/*!40101 SET CHARACTER_SET_RESULTS=@OLD_CHARACTER_SET_RESULTS */;
/*!40101 SET COLLATION_CONNECTION=@OLD_COLLATION_CONNECTION */;
/*!40111 SET SQL_NOTES=@OLD_SQL_NOTES */;

-- Dump completed on 2026-06-29  6:29:31
